ITEM ID ,,,
10009.png,assets/images/items/,assets/images/items/10009.png,assets/images/items/10009.png
10010.png,assets/images/items/,assets/images/items/10010.png,assets/images/items/10010.png
10029.jpg,assets/images/items/,assets/images/items/10029.jpg,assets/images/items/10029.jpg
10037.jpg,assets/images/items/,assets/images/items/10037.jpg,assets/images/items/10037.jpg
10044.png,assets/images/items/,assets/images/items/10044.png,assets/images/items/10044.png
10060.jpg,assets/images/items/,assets/images/items/10060.jpg,assets/images/items/10060.jpg
10135.jpg,assets/images/items/,assets/images/items/10135.jpg,assets/images/items/10135.jpg
10161.png,assets/images/items/,assets/images/items/10161.png,assets/images/items/10161.png
10234.jpg,assets/images/items/,assets/images/items/10234.jpg,assets/images/items/10234.jpg
10235.jpg,assets/images/items/,assets/images/items/10235.jpg,assets/images/items/10235.jpg
10244.png,assets/images/items/,assets/images/items/10244.png,assets/images/items/10244.png
10264.jpg,assets/images/items/,assets/images/items/10264.jpg,assets/images/items/10264.jpg
10271.jpg,assets/images/items/,assets/images/items/10271.jpg,assets/images/items/10271.jpg
10284.png,assets/images/items/,assets/images/items/10284.png,assets/images/items/10284.png
10306.jpg,assets/images/items/,assets/images/items/10306.jpg,assets/images/items/10306.jpg
10307.png,assets/images/items/,assets/images/items/10307.png,assets/images/items/10307.png
10308.jpg,assets/images/items/,assets/images/items/10308.jpg,assets/images/items/10308.jpg
10309.png,assets/images/items/,assets/images/items/10309.png,assets/images/items/10309.png
10458.png,assets/images/items/,assets/images/items/10458.png,assets/images/items/10458.png
10511.jpg,assets/images/items/,assets/images/items/10511.jpg,assets/images/items/10511.jpg
10615.jpg,assets/images/items/,assets/images/items/10615.jpg,assets/images/items/10615.jpg
10616.jpg,assets/images/items/,assets/images/items/10616.jpg,assets/images/items/10616.jpg
10631.jpg,assets/images/items/,assets/images/items/10631.jpg,assets/images/items/10631.jpg
10651.jpg,assets/images/items/,assets/images/items/10651.jpg,assets/images/items/10651.jpg
10652.png,assets/images/items/,assets/images/items/10652.png,assets/images/items/10652.png
10653.png,assets/images/items/,assets/images/items/10653.png,assets/images/items/10653.png
10656.jpg,assets/images/items/,assets/images/items/10656.jpg,assets/images/items/10656.jpg
10660.jpg,assets/images/items/,assets/images/items/10660.jpg,assets/images/items/10660.jpg
10687.jpg,assets/images/items/,assets/images/items/10687.jpg,assets/images/items/10687.jpg
10695.jpg,assets/images/items/,assets/images/items/10695.jpg,assets/images/items/10695.jpg
11008.jpg,assets/images/items/,assets/images/items/11008.jpg,assets/images/items/11008.jpg
11009.jpg,assets/images/items/,assets/images/items/11009.jpg,assets/images/items/11009.jpg
11013.jpg,assets/images/items/,assets/images/items/11013.jpg,assets/images/items/11013.jpg
11014.jpg,assets/images/items/,assets/images/items/11014.jpg,assets/images/items/11014.jpg
11027.jpg,assets/images/items/,assets/images/items/11027.jpg,assets/images/items/11027.jpg
11033.png,assets/images/items/,assets/images/items/11033.png,assets/images/items/11033.png
12057.png,assets/images/items/,assets/images/items/12057.png,assets/images/items/12057.png
12058.png,assets/images/items/,assets/images/items/12058.png,assets/images/items/12058.png
12059.jpg,assets/images/items/,assets/images/items/12059.jpg,assets/images/items/12059.jpg
12086.png,assets/images/items/,assets/images/items/12086.png,assets/images/items/12086.png
12087.jpg,assets/images/items/,assets/images/items/12087.jpg,assets/images/items/12087.jpg
12125.jpg,assets/images/items/,assets/images/items/12125.jpg,assets/images/items/12125.jpg
12401.jpg,assets/images/items/,assets/images/items/12401.jpg,assets/images/items/12401.jpg
13025.png,assets/images/items/,assets/images/items/13025.png,assets/images/items/13025.png
13026.png,assets/images/items/,assets/images/items/13026.png,assets/images/items/13026.png
13027.jpg,assets/images/items/,assets/images/items/13027.jpg,assets/images/items/13027.jpg
13104.jpg,assets/images/items/,assets/images/items/13104.jpg,assets/images/items/13104.jpg
13105.jpg,assets/images/items/,assets/images/items/13105.jpg,assets/images/items/13105.jpg
13141.jpg,assets/images/items/,assets/images/items/13141.jpg,assets/images/items/13141.jpg
13306.jpg,assets/images/items/,assets/images/items/13306.jpg,assets/images/items/13306.jpg
13307.jpg,assets/images/items/,assets/images/items/13307.jpg,assets/images/items/13307.jpg
13317.jpg,assets/images/items/,assets/images/items/13317.jpg,assets/images/items/13317.jpg
15021.jpg,assets/images/items/,assets/images/items/15021.jpg,assets/images/items/15021.jpg
15022.jpg,assets/images/items/,assets/images/items/15022.jpg,assets/images/items/15022.jpg
20001.jpg,assets/images/items/,assets/images/items/20001.jpg,assets/images/items/20001.jpg
20003.jpg,assets/images/items/,assets/images/items/20003.jpg,assets/images/items/20003.jpg
20006.jpg,assets/images/items/,assets/images/items/20006.jpg,assets/images/items/20006.jpg
20017.jpg,assets/images/items/,assets/images/items/20017.jpg,assets/images/items/20017.jpg
20024.png,assets/images/items/,assets/images/items/20024.png,assets/images/items/20024.png
20025.jpg,assets/images/items/,assets/images/items/20025.jpg,assets/images/items/20025.jpg
20045.jpg,assets/images/items/,assets/images/items/20045.jpg,assets/images/items/20045.jpg
20046.png,assets/images/items/,assets/images/items/20046.png,assets/images/items/20046.png
20047.jpg,assets/images/items/,assets/images/items/20047.jpg,assets/images/items/20047.jpg
20049.jpg,assets/images/items/,assets/images/items/20049.jpg,assets/images/items/20049.jpg
20061.png,assets/images/items/,assets/images/items/20061.png,assets/images/items/20061.png
20068.png,assets/images/items/,assets/images/items/20068.png,assets/images/items/20068.png
20069.png,assets/images/items/,assets/images/items/20069.png,assets/images/items/20069.png
20073.jpg,assets/images/items/,assets/images/items/20073.jpg,assets/images/items/20073.jpg
20128.png,assets/images/items/,assets/images/items/20128.png,assets/images/items/20128.png
20130.png,assets/images/items/,assets/images/items/20130.png,assets/images/items/20130.png
20156.jpg,assets/images/items/,assets/images/items/20156.jpg,assets/images/items/20156.jpg
20157.jpg,assets/images/items/,assets/images/items/20157.jpg,assets/images/items/20157.jpg
20166.png,assets/images/items/,assets/images/items/20166.png,assets/images/items/20166.png
20172.png,assets/images/items/,assets/images/items/20172.png,assets/images/items/20172.png
20176.png,assets/images/items/,assets/images/items/20176.png,assets/images/items/20176.png
20197.jpg,assets/images/items/,assets/images/items/20197.jpg,assets/images/items/20197.jpg
20851.png,assets/images/items/,assets/images/items/20851.png,assets/images/items/20851.png
22005.jpg,assets/images/items/,assets/images/items/22005.jpg,assets/images/items/22005.jpg
22006.jpg,assets/images/items/,assets/images/items/22006.jpg,assets/images/items/22006.jpg
22011.png,assets/images/items/,assets/images/items/22011.png,assets/images/items/22011.png
22022.jpg,assets/images/items/,assets/images/items/22022.jpg,assets/images/items/22022.jpg
22077.jpg,assets/images/items/,assets/images/items/22077.jpg,assets/images/items/22077.jpg
23010.jpg,assets/images/items/,assets/images/items/23010.jpg,assets/images/items/23010.jpg
23013.jpg,assets/images/items/,assets/images/items/23013.jpg,assets/images/items/23013.jpg
23015.png,assets/images/items/,assets/images/items/23015.png,assets/images/items/23015.png
23017.jpg,assets/images/items/,assets/images/items/23017.jpg,assets/images/items/23017.jpg
23077.jpg,assets/images/items/,assets/images/items/23077.jpg,assets/images/items/23077.jpg
23078.jpg,assets/images/items/,assets/images/items/23078.jpg,assets/images/items/23078.jpg
23088.jpg,assets/images/items/,assets/images/items/23088.jpg,assets/images/items/23088.jpg
23096.jpg,assets/images/items/,assets/images/items/23096.jpg,assets/images/items/23096.jpg
25001.jpg,assets/images/items/,assets/images/items/25001.jpg,assets/images/items/25001.jpg
25002.jpg,assets/images/items/,assets/images/items/25002.jpg,assets/images/items/25002.jpg
25003.png,assets/images/items/,assets/images/items/25003.png,assets/images/items/25003.png
25004.jpg,assets/images/items/,assets/images/items/25004.jpg,assets/images/items/25004.jpg
25005.png,assets/images/items/,assets/images/items/25005.png,assets/images/items/25005.png
25006.png,assets/images/items/,assets/images/items/25006.png,assets/images/items/25006.png
25008.jpg,assets/images/items/,assets/images/items/25008.jpg,assets/images/items/25008.jpg
25009.png,assets/images/items/,assets/images/items/25009.png,assets/images/items/25009.png
25030.png,assets/images/items/,assets/images/items/25030.png,assets/images/items/25030.png
25032.jpg,assets/images/items/,assets/images/items/25032.jpg,assets/images/items/25032.jpg
25055.jpg,assets/images/items/,assets/images/items/25055.jpg,assets/images/items/25055.jpg
25067.jpg,assets/images/items/,assets/images/items/25067.jpg,assets/images/items/25067.jpg
25068.jpg,assets/images/items/,assets/images/items/25068.jpg,assets/images/items/25068.jpg
25069.jpg,assets/images/items/,assets/images/items/25069.jpg,assets/images/items/25069.jpg
25075.jpg,assets/images/items/,assets/images/items/25075.jpg,assets/images/items/25075.jpg
25078.jpg,assets/images/items/,assets/images/items/25078.jpg,assets/images/items/25078.jpg
28001.jpg,assets/images/items/,assets/images/items/28001.jpg,assets/images/items/28001.jpg
28002.png,assets/images/items/,assets/images/items/28002.png,assets/images/items/28002.png
28003.jpg,assets/images/items/,assets/images/items/28003.jpg,assets/images/items/28003.jpg
28004.jpg,assets/images/items/,assets/images/items/28004.jpg,assets/images/items/28004.jpg
28005.png,assets/images/items/,assets/images/items/28005.png,assets/images/items/28005.png
28011.png,assets/images/items/,assets/images/items/28011.png,assets/images/items/28011.png
28012.jpg,assets/images/items/,assets/images/items/28012.jpg,assets/images/items/28012.jpg
28013.jpg,assets/images/items/,assets/images/items/28013.jpg,assets/images/items/28013.jpg
28020.png,assets/images/items/,assets/images/items/28020.png,assets/images/items/28020.png
28031.jpg,assets/images/items/,assets/images/items/28031.jpg,assets/images/items/28031.jpg
28033.jpg,assets/images/items/,assets/images/items/28033.jpg,assets/images/items/28033.jpg
28036.png,assets/images/items/,assets/images/items/28036.png,assets/images/items/28036.png
28042.png,assets/images/items/,assets/images/items/28042.png,assets/images/items/28042.png
28056.jpg,assets/images/items/,assets/images/items/28056.jpg,assets/images/items/28056.jpg
28057.jpg,assets/images/items/,assets/images/items/28057.jpg,assets/images/items/28057.jpg
28064.jpg,assets/images/items/,assets/images/items/28064.jpg,assets/images/items/28064.jpg
28065.png,assets/images/items/,assets/images/items/28065.png,assets/images/items/28065.png
28150.jpg,assets/images/items/,assets/images/items/28150.jpg,assets/images/items/28150.jpg
28153.jpg,assets/images/items/,assets/images/items/28153.jpg,assets/images/items/28153.jpg
28154.jpg,assets/images/items/,assets/images/items/28154.jpg,assets/images/items/28154.jpg
28155.jpg,assets/images/items/,assets/images/items/28155.jpg,assets/images/items/28155.jpg
28156.jpg,assets/images/items/,assets/images/items/28156.jpg,assets/images/items/28156.jpg
28157.png,assets/images/items/,assets/images/items/28157.png,assets/images/items/28157.png
28159.jpg,assets/images/items/,assets/images/items/28159.jpg,assets/images/items/28159.jpg
28160.jpg,assets/images/items/,assets/images/items/28160.jpg,assets/images/items/28160.jpg
29001.jpg,assets/images/items/,assets/images/items/29001.jpg,assets/images/items/29001.jpg
29002.jpg,assets/images/items/,assets/images/items/29002.jpg,assets/images/items/29002.jpg
48001.jpg,assets/images/items/,assets/images/items/48001.jpg,assets/images/items/48001.jpg
51590.png,assets/images/items/,assets/images/items/51590.png,assets/images/items/51590.png
51591.jpeg,assets/images/items/,assets/images/items/51591.jpeg,assets/images/items/51591.jpeg
52333.png,assets/images/items/,assets/images/items/52333.png,assets/images/items/52333.png
